country_iso3c,country_id
AUT,1
BEL,2
BGR,3
CYP,4
CZE,5
DEU,6
DNK,7
ESP,8
EST,9
FIN,10
FRA,11
GRC,12
HRV,13
HUN,14
IRL,15
ITA,16
LTU,17
LUX,18
LVA,19
MLT,20
NLD,21
POL,22
PRT,23
ROU,24
SVK,25
SVN,26
SWE,27
GBR,28
